Datetime,Ticker,Adj Close,Close,High,Low,Open,Volume
2026-08-28 09:30:00,AUMB.V,,0.8899999856948853,0.9100000262260437,0.8899999856948853,0.9100000262260437,0.0
2026-08-28 09:30:00,NILI.V,,0.8399999737739563,0.8399999737739563,0.8399999737739563,0.8399999737739563,0.0
2026-08-28 09:30:00,ONE.V,,0.4099999964237213,0.4099999964237213,0.4099999964237213,0.4099999964237213,0.0
2026-08-28 09:30:00,SURG.V,,0.699999988079071,0.7099999785423279,0.699999988079071,0.7099999785423279,0.0
2026-08-28 09:30:00,SYG.V,,0.04500000178813934,0.04500000178813934,0.04500000178813934,0.04500000178813934,0.0
2026-08-28 09:30:00,TBLL.V,,0.05000000074505806,0.05000000074505806,0.05000000074505806,0.05000000074505806,0.0
2026-08-28 09:30:00,TDG.V,,0.49000000953674316,0.49000000953674316,0.49000000953674316,0.49000000953674316,0.0
2026-08-28 09:30:00,TECT.V,,2.5899999141693115,2.5899999141693115,2.5899999141693115,2.5899999141693115,0.0
2026-08-28 09:30:00,TGOL.V,,0.1899999976158142,0.1899999976158142,0.1899999976158142,0.1899999976158142,0.0
2026-08-28 09:30:00,THM.V,,1.2599999904632568,1.2599999904632568,1.2599999904632568,1.2599999904632568,0.0
2026-08-28 09:30:00,THX.V,,1.3799999952316284,1.3799999952316284,1.3799999952316284,1.3799999952316284,0.0
2026-08-28 09:30:00,TK.V,,0.5,0.5,0.5,0.5,0.0
2026-08-28 09:30:00,TLT-WT.V,,0.09000000357627869,0.09000000357627869,0.09000000357627869,0.09000000357627869,0.0
2026-08-28 09:30:00,TLT.V,,0.18000000715255737,0.18000000715255737,0.18000000715255737,0.18000000715255737,0.0
2026-08-28 09:30:00,TMET.V,,0.15000000596046448,0.15000000596046448,0.15000000596046448,0.15000000596046448,0.0
2026-08-28 09:30:00,TOI.V,,104.0,104.0,103.98999786376953,103.98999786376953,0.0
2026-08-28 09:30:00,TORQ.V,,0.05000000074505806,0.05000000074505806,0.05000000074505806,0.05000000074505806,0.0
2026-08-28 09:30:00,TSG.V,,0.20000000298023224,0.20000000298023224,0.20000000298023224,0.20000000298023224,0.0
2026-08-28 09:30:00,TTG.V,,0.15000000596046448,0.15000000596046448,0.15000000596046448,0.15000000596046448,0.0
2026-08-28 09:30:00,TUD.V,,0.9900000095367432,1.0,0.9900000095367432,1.0,0.0
2026-08-28 09:30:00,TWO.V,,0.36000001430511475,0.36000001430511475,0.36000001430511475,0.36000001430511475,0.0
2026-08-28 09:30:00,UCU.V,,2.880000114440918,2.880000114440918,2.880000114440918,2.880000114440918,0.0
2026-08-28 09:30:00,UFC.V,,0.8500000238418579,0.8500000238418579,0.8500000238418579,0.8500000238418579,0.0
2026-08-28 09:30:00,VCI.V,,6.980000019073486,6.980000019073486,6.980000019073486,6.980000019073486,0.0
2026-08-28 09:30:00,VCT.V,,0.05999999865889549,0.05999999865889549,0.05999999865889549,0.05999999865889549,0.0
2026-08-28 09:30:00,VCU.V,,1.5299999713897705,1.5299999713897705,1.5099999904632568,1.5099999904632568,0.0
2026-08-28 09:30:00,VML.V,,0.49000000953674316,0.49000000953674316,0.49000000953674316,0.49000000953674316,0.0
2026-08-28 09:30:00,VMXX.V,,0.7900000214576721,0.7900000214576721,0.7900000214576721,0.7900000214576721,0.0
2026-08-28 09:30:00,VO.V,,0.07999999821186066,0.07999999821186066,0.07999999821186066,0.07999999821186066,0.0
2026-08-28 09:30:00,VQS.V,,0.10999999940395355,0.10999999940395355,0.10999999940395355,0.10999999940395355,0.0
2026-08-28 09:30:00,VRR.V,,0.5199999809265137,0.5199999809265137,0.49000000953674316,0.49000000953674316,0.0
2026-08-28 09:30:00,VUL.V,,0.4000000059604645,0.4000000059604645,0.4000000059604645,0.4000000059604645,0.0
2026-08-28 09:30:00,WEB.V,,1.1299999952316284,1.1299999952316284,1.1100000143051147,1.1100000143051147,0.0
2026-08-28 09:30:00,WGO.V,,2.430000066757202,2.430000066757202,2.4200000762939453,2.4200000762939453,0.0
2026-08-28 09:30:00,WML.V,,0.07500000298023224,0.07500000298023224,0.07500000298023224,0.07500000298023224,0.0
2026-08-28 09:30:00,WRLG.V,,0.9300000071525574,0.9399999976158142,0.9300000071525574,0.9399999976158142,0.0
2026-08-28 09:30:00,XGC.V,,0.23999999463558197,0.23999999463558197,0.23999999463558197,0.23999999463558197,0.0
2026-08-28 09:30:00,XTM.V,,0.06499999761581421,0.06499999761581421,0.06499999761581421,0.06499999761581421,0.0
2026-08-28 09:30:00,YTY.V,,0.08500000089406967,0.08500000089406967,0.08500000089406967,0.08500000089406967,0.0
2026-08-28 09:30:00,ZAC.V,,0.07500000298023224,0.07500000298023224,0.07500000298023224,0.07500000298023224,0.0
2026-08-28 09:30:00,ZDC.V,,4.940000057220459,4.940000057220459,4.940000057220459,4.940000057220459,0.0
2026-08-28 09:30:00,ZEN.V,,0.7900000214576721,0.7900000214576721,0.7900000214576721,0.7900000214576721,0.0
2026-08-28 09:30:00,ZNX.V,,0.125,0.125,0.125,0.125,0.0
2026-08-28 09:30:00,ZOMD.V,,0.4950000047683716,0.4950000047683716,0.4950000047683716,0.4950000047683716,0.0
2026-08-28 09:30:00,ZON.V,,0.10999999940395355,0.10999999940395355,0.10999999940395355,0.10999999940395355,0.0
2026-08-28 09:30:10,WAM.V,,0.7699999809265137,0.7699999809265137,0.7699999809265137,0.7699999809265137,0.0
2026-08-28 09:30:27,TTZ.V,,0.550000011920929,0.550000011920929,0.550000011920929,0.550000011920929,0.0
2026-08-28 09:30:49,TWR.V,,0.14000000059604645,0.14000000059604645,0.14000000059604645,0.14000000059604645,0.0
2026-08-28 09:31:00,VCU.V,,1.5299999713897705,1.5299999713897705,1.5199999809265137,1.5199999809265137,800.0
2026-08-28 09:31:00,VCV.V,,0.07500000298023224,0.07500000298023224,0.07500000298023224,0.07500000298023224,0.0
2026-08-28 09:31:00,WGO.V,,2.450000047683716,2.450000047683716,2.430000066757202,2.430000066757202,2600.0
2026-08-28 09:31:00,WRLG.V,,0.9300000071525574,0.9300000071525574,0.9300000071525574,0.9300000071525574,5300.0
2026-08-28 09:31:00,XTM.V,,0.06499999761581421,0.06499999761581421,0.06499999761581421,0.06499999761581421,10000.0
2026-08-28 09:31:00,ZDC.V,,4.909999847412109,4.909999847412109,4.909999847412109,4.909999847412109,200.0
2026-08-28 09:31:00,ZOMD.V,,0.4950000047683716,0.4950000047683716,0.4950000047683716,0.4950000047683716,0.0
2026-08-28 09:32:00,SURG.V,,0.699999988079071,0.699999988079071,0.699999988079071,0.699999988079071,500.0
2026-08-28 09:32:00,THX.V,,1.3949999809265137,1.3949999809265137,1.3799999952316284,1.3799999952316284,42199.0
2026-08-28 09:32:00,VCV.V,,0.07000000029802322,0.07000000029802322,0.07000000029802322,0.07000000029802322,43000.0
2026-08-28 09:32:00,VRR.V,,0.5,0.5199999809265137,0.5,0.5199999809265137,6000.0
2026-08-28 09:32:00,WEB.V,,1.2000000476837158,1.2000000476837158,1.149999976158142,1.149999976158142,2327.0
2026-08-28 09:32:00,WGO.V,,2.430000066757202,2.430000066757202,2.430000066757202,2.430000066757202,1000.0
2026-08-28 09:32:00,XTM.V,,0.06499999761581421,0.06499999761581421,0.06499999761581421,0.06499999761581421,5000.0
2026-08-28 09:32:00,ZOMD.V,,0.4950000047683716,0.4950000047683716,0.4950000047683716,0.4950000047683716,4600.0
2026-08-28 09:33:00,NILI.V,,0.8600000143051147,0.8600000143051147,0.8600000143051147,0.8600000143051147,600.0
2026-08-28 09:33:00,THX.V,,1.3949999809265137,1.3949999809265137,1.3949999809265137,1.3949999809265137,700.0
2026-08-28 09:33:00,TLT-WT.V,,0.09000000357627869,0.09000000357627869,0.09000000357627869,0.09000000357627869,3000.0
2026-08-28 09:33:00,UCU.V,,2.880000114440918,2.880000114440918,2.880000114440918,2.880000114440918,5508.0
2026-08-28 09:33:00,VRR.V,,0.5199999809265137,0.5199999809265137,0.5,0.5,12500.0
2026-08-28 09:33:00,WRLG.V,,0.925000011920929,0.925000011920929,0.925000011920929,0.925000011920929,3000.0
2026-08-28 09:34:00,NILI.V,,0.8600000143051147,0.8600000143051147,0.8399999737739563,0.8550000190734863,61500.0
2026-08-28 09:34:00,THX.V,,1.3949999809265137,1.3949999809265137,1.3949999809265137,1.3949999809265137,300.0
2026-08-28 09:34:00,VCU.V,,1.5299999713897705,1.5299999713897705,1.5299999713897705,1.5299999713897705,400.0
2026-08-28 09:34:00,VRR.V,,0.5,0.5099999904632568,0.5,0.5099999904632568,16000.0
2026-08-28 09:35:00,NILI.V,,0.8700000047683716,0.8700000047683716,0.8650000095367432,0.8650000095367432,40240.0
2026-08-28 09:35:00,THM.V,,1.3300000429153442,1.3300000429153442,1.3300000429153442,1.3300000429153442,0.0
2026-08-28 09:35:00,TK.V,,0.5,0.5,0.5,0.5,500.0
2026-08-28 09:35:00,VRR.V,,0.5,0.5,0.5,0.5,4500.0
2026-08-28 09:35:00,WEX.V,,0.6700000166893005,0.6700000166893005,0.6700000166893005,0.6700000166893005,0.0
2026-08-28 09:35:00,WGO.V,,2.440000057220459,2.440000057220459,2.440000057220459,2.440000057220459,800.0
2026-08-28 09:35:00,ZDC.V,,4.909999847412109,4.909999847412109,4.909999847412109,4.909999847412109,100.0
2026-08-28 09:36:00,NILI.V,,0.8700000047683716,0.8700000047683716,0.8700000047683716,0.8700000047683716,2000.0
2026-08-28 09:36:00,SURG.V,,0.6899999976158142,0.6899999976158142,0.6899999976158142,0.6899999976158142,17990.0
2026-08-28 09:36:00,TBLL.V,,0.05000000074505806,0.05000000074505806,0.05000000074505806,0.05000000074505806,0.0
2026-08-28 09:36:00,TDG.V,,0.49000000953674316,0.49000000953674316,0.49000000953674316,0.49000000953674316,3000.0
2026-08-28 09:36:00,VRR.V,,0.5,0.5,0.5,0.5,4000.0
2026-08-28 09:36:00,WGO.V,,2.450000047683716,2.450000047683716,2.440000057220459,2.440000057220459,2600.0
2026-08-28 09:36:00,ZDC.V,,4.900000095367432,4.900000095367432,4.900000095367432,4.900000095367432,900.0
2026-08-28 09:36:00,ZEN.V,,0.800000011920929,0.800000011920929,0.800000011920929,0.800000011920929,0.0
2026-08-28 09:37:00,AUMB.V,,0.8899999856948853,0.8899999856948853,0.8899999856948853,0.8899999856948853,1000.0
2026-08-28 09:37:00,NILI.V,,0.8700000047683716,0.8799999952316284,0.8700000047683716,0.8799999952316284,11500.0
2026-08-28 09:37:00,SURG.V,,0.6899999976158142,0.6899999976158142,0.6899999976158142,0.6899999976158142,0.0
2026-08-28 09:37:00,SYG.V,,0.04500000178813934,0.04500000178813934,0.04500000178813934,0.04500000178813934,0.0
2026-08-28 09:37:00,TDG.V,,0.49000000953674316,0.49000000953674316,0.49000000953674316,0.49000000953674316,1500.0
2026-08-28 09:37:00,TK.V,,0.49000000953674316,0.5,0.49000000953674316,0.5,7500.0
2026-08-28 09:37:00,TOI.V,,103.97000122070312,103.97000122070312,103.95999908447266,103.95999908447266,1535.0
2026-08-28 09:37:00,TUD.V,,0.9900000095367432,0.9900000095367432,0.9900000095367432,0.9900000095367432,56200.0
2026-08-28 09:37:00,WEB.V,,1.25,1.25,1.2000000476837158,1.2000000476837158,10119.0
2026-08-28 09:37:00,WGO.V,,2.440000057220459,2.440000057220459,2.440000057220459,2.440000057220459,1200.0
2026-08-28 09:38:00,AUMB.V,,0.8899999856948853,0.8899999856948853,0.8899999856948853,0.8899999856948853,9000.0
2026-08-28 09:38:00,NILI.V,,0.8700000047683716,0.8700000047683716,0.8700000047683716,0.8700000047683716,7000.0
2026-08-28 09:38:00,TDG.V,,0.49000000953674316,0.49000000953674316,0.49000000953674316,0.49000000953674316,2500.0
2026-08-28 09:38:00,TSG.V,,0.20499999821186066,0.20499999821186066,0.20499999821186066,0.20499999821186066,4000.0
2026-08-28 09:38:00,TUD.V,,0.9900000095367432,0.9900000095367432,0.9900000095367432,0.9900000095367432,2000.0
2026-08-28 09:38:00,VCT.V,,0.05999999865889549,0.05999999865889549,0.05999999865889549,0.05999999865889549,0.0
2026-08-28 09:38:00,VRR.V,,0.49000000953674316,0.49000000953674316,0.48750001192092896,0.48750001192092896,27500.0
2026-08-28 09:38:00,WEB.V,,1.340000033378601,1.340000033378601,1.2949999570846558,1.2949999570846558,683.0
2026-08-28 09:38:00,WGO.V,,2.430000066757202,2.430000066757202,2.4200000762939453,2.4200000762939453,2400.0
2026-08-28 09:38:00,XTM.V,,0.06499999761581421,0.06499999761581421,0.06499999761581421,0.06499999761581421,5000.0
2026-08-28 09:39:00,AUMB.V,,0.8899999856948853,0.8899999856948853,0.8899999856948853,0.8899999856948853,2500.0
2026-08-28 09:39:00,LOT.V,,0.03500000014901161,0.03500000014901161,0.03500000014901161,0.03500000014901161,0.0
2026-08-28 09:39:00,NILI.V,,0.8700000047683716,0.8700000047683716,0.8700000047683716,0.8700000047683716,18500.0
2026-08-28 09:39:00,TDG.V,,0.49000000953674316,0.49000000953674316,0.49000000953674316,0.49000000953674316,1500.0
2026-08-28 09:39:00,TMET.V,,0.14000000059604645,0.14000000059604645,0.14000000059604645,0.14000000059604645,0.0
2026-08-28 09:39:00,VRR.V,,0.49000000953674316,0.49000000953674316,0.49000000953674316,0.49000000953674316,5000.0
2026-08-28 09:40:00,AUMB.V,,0.8899999856948853,0.8899999856948853,0.8899999856948853,0.8899999856948853,5000.0
2026-08-28 09:40:00,NILI.V,,0.8700000047683716,0.8700000047683716,0.8700000047683716,0.8700000047683716,14500.0
2026-08-28 09:40:00,TDG.V,,0.49000000953674316,0.49000000953674316,0.49000000953674316,0.49000000953674316,1500.0
2026-08-28 09:40:00,TLT.V,,0.18000000715255737,0.18000000715255737,0.18000000715255737,0.18000000715255737,34000.0
2026-08-28 09:40:00,TOI.V,,103.12999725341797,103.51000213623047,103.12999725341797,103.51000213623047,792.0
2026-08-28 09:40:00,VRR.V,,0.49000000953674316,0.49000000953674316,0.49000000953674316,0.49000000953674316,42569.0
2026-08-28 09:41:00,LOT.V,,0.03500000014901161,0.03500000014901161,0.03500000014901161,0.03500000014901161,0.0
2026-08-28 09:41:00,NILI.V,,0.8700000047683716,0.8700000047683716,0.8700000047683716,0.8700000047683716,5000.0
2026-08-28 09:41:00,TDG.V,,0.49000000953674316,0.49000000953674316,0.49000000953674316,0.49000000953674316,2000.0
2026-08-28 09:41:00,TK.V,,0.49000000953674316,0.49000000953674316,0.49000000953674316,0.49000000953674316,14400.0
2026-08-28 09:41:00,TLT.V,,0.18000000715255737,0.18000000715255737,0.18000000715255737,0.18000000715255737,0.0
2026-08-28 09:41:00,VCU.V,,1.5499999523162842,1.5499999523162842,1.5499999523162842,1.5499999523162842,0.0
2026-08-28 09:41:00,WGO.V,,2.430000066757202,2.440000057220459,2.430000066757202,2.440000057220459,400.0
2026-08-28 09:41:00,WRLG.V,,0.9300000071525574,0.9300000071525574,0.9300000071525574,0.9300000071525574,25000.0
2026-08-28 09:42:00,TDG.V,,0.49000000953674316,0.49000000953674316,0.49000000953674316,0.49000000953674316,1500.0
2026-08-28 09:42:00,TK.V,,0.46000000834465027,0.4650000035762787,0.46000000834465027,0.4650000035762787,12500.0
2026-08-28 09:42:00,VMXX.V,,0.7799999713897705,0.7799999713897705,0.7799999713897705,0.7799999713897705,0.0
2026-08-28 09:42:00,VRR.V,,0.49000000953674316,0.49000000953674316,0.49000000953674316,0.49000000953674316,7000.0
2026-08-28 09:42:00,WEB.V,,1.2699999809265137,1.2699999809265137,1.2699999809265137,1.2699999809265137,500.0
2026-08-28 09:42:00,WGO.V,,2.4200000762939453,2.4200000762939453,2.4200000762939453,2.4200000762939453,900.0
2026-08-28 09:42:00,WRLG.V,,0.9300000071525574,0.9300000071525574,0.9300000071525574,0.9300000071525574,1500.0
2026-08-28 09:42:00,XTM.V,,0.06499999761581421,0.06499999761581421,0.06499999761581421,0.06499999761581421,0.0
2026-08-28 09:42:00,ZDC.V,,4.900000095367432,4.900000095367432,4.900000095367432,4.900000095367432,0.0
2026-08-28 09:43:00,AUMB.V,,0.8999999761581421,0.8999999761581421,0.8999999761581421,0.8999999761581421,3599.0
2026-08-28 09:43:00,TDG.V,,0.49000000953674316,0.49000000953674316,0.49000000953674316,0.49000000953674316,1500.0
2026-08-28 09:43:00,TGOL.V,,0.19499999284744263,0.19499999284744263,0.19499999284744263,0.19499999284744263,0.0
2026-08-28 09:43:00,TK.V,,0.47999998927116394,0.47999998927116394,0.47999998927116394,0.47999998927116394,0.0
2026-08-28 09:43:00,UCU.V,,2.8399999141693115,2.8499999046325684,2.8399999141693115,2.8399999141693115,2492.0
2026-08-28 09:43:00,VRR.V,,0.49000000953674316,0.49000000953674316,0.49000000953674316,0.49000000953674316,3000.0
2026-08-28 09:43:00,WEB.V,,1.2999999523162842,1.2999999523162842,1.2999999523162842,1.2999999523162842,2030.0
2026-08-28 09:43:00,WGO.V,,2.4200000762939453,2.4200000762939453,2.4200000762939453,2.4200000762939453,6900.0
2026-08-28 09:43:00,WRLG.V,,0.9300000071525574,0.9300000071525574,0.9300000071525574,0.9300000071525574,0.0
2026-08-28 09:43:00,ZOMD.V,,0.4950000047683716,0.4950000047683716,0.4950000047683716,0.4950000047683716,0.0
2026-08-28 09:44:00,TDG.V,,0.49000000953674316,0.49000000953674316,0.49000000953674316,0.49000000953674316,500.0
2026-08-28 09:44:00,TECT.V,,2.5299999713897705,2.549999952316284,2.5299999713897705,2.549999952316284,800.0
2026-08-28 09:44:00,THX.V,,1.3949999809265137,1.3949999809265137,1.3899999856948853,1.3899999856948853,4500.0
2026-08-28 09:44:00,TUD.V,,1.0,1.0,1.0,1.0,0.0
2026-08-28 09:44:00,UCU.V,,2.819999933242798,2.819999933242798,2.819999933242798,2.819999933242798,0.0
2026-08-28 09:44:00,WEB.V,,1.340000033378601,1.340000033378601,1.309999942779541,1.309999942779541,2563.0
2026-08-28 09:44:00,WGO.V,,2.4200000762939453,2.4200000762939453,2.4200000762939453,2.4200000762939453,2300.0
2026-08-28 09:45:00,TDG.V,,0.49000000953674316,0.49000000953674316,0.49000000953674316,0.49000000953674316,2000.0
2026-08-28 09:45:00,THX.V,,1.3899999856948853,1.3899999856948853,1.3899999856948853,1.3899999856948853,0.0
2026-08-28 09:45:00,TLT-WT.V,,0.09000000357627869,0.09000000357627869,0.09000000357627869,0.09000000357627869,0.0
2026-08-28 09:45:00,TOI.V,,104.0,104.0,104.0,104.0,0.0
2026-08-28 09:45:00,VRR.V,,0.5,0.5,0.49000000953674316,0.49000000953674316,7000.0
2026-08-28 09:45:00,WEB.V,,1.3700000047683716,1.3700000047683716,1.3700000047683716,1.3700000047683716,0.0
2026-08-28 09:45:00,WGO.V,,2.430000066757202,2.430000066757202,2.430000066757202,2.430000066757202,0.0
2026-08-28 09:46:00,NILI.V,,0.8700000047683716,0.8700000047683716,0.8700000047683716,0.8700000047683716,500.0
2026-08-28 09:46:00,TDG.V,,0.49000000953674316,0.49000000953674316,0.49000000953674316,0.49000000953674316,0.0
2026-08-28 09:46:00,TECT.V,,2.569999933242798,2.569999933242798,2.569999933242798,2.569999933242798,0.0
2026-08-28 09:46:00,VRR.V,,0.5199999809265137,0.5199999809265137,0.5199999809265137,0.5199999809265137,0.0
2026-08-28 09:47:00,AUMB.V,,0.8999999761581421,0.8999999761581421,0.8999999761581421,0.8999999761581421,0.0
2026-08-28 09:47:00,NILI.V,,0.8700000047683716,0.8700000047683716,0.8700000047683716,0.8700000047683716,0.0
2026-08-28 09:47:00,TSG.V,,0.20999999344348907,0.20999999344348907,0.20999999344348907,0.20999999344348907,0.0
